company_names,company_code,p/e_ratio
HCL Technologies,HCLTECH.NS,1.20
Religare,RELIGARE.NS,2.29
Jain Irrigation Systems,JISLDVREQS.NS,2.40
Allcargo Logistics,ALLCARGO.NS,3.60
West Coast Paper Mills,WSTCSTPAPR.NS,4.09
Chennai Petroleum,CHENNPETRO.NS,4.59
IDFC,IDFC.NS,4.59
Bharat Petroleum,BPCL.NS,4.63
Karnataka Bank,KTKBANK.NS,5.28
Mangalore Chemicals and Fertilizers,MANGCHEFER.NS,5.62
Tamil Nadu Newsprint and Papers Limited,TNPL.NS,5.66
Southern Petrochemical Industries Corp,SPIC.NS,5.69
Kuantum Papers,KUANTUM.NS,5.70
Modern Dairies Limited,MODAIRY.BO,6.46
MMTC,MMTC.NS,6.62
Indiabulls Housing Finance,IBULHSGFIN.NS,6.89
South Indian Bank,SOUTHBANK.NS,6.97
Rajesh Exports,RAJESHEXPO.NS,7.21
Power Finance Corp,PFC.NS,7.26
Orient Paper Mills,ORIENTPPR.NS,7.29
Rain Industries,RAIN.NS,7.78
Canara Bank,CANBK.NS,7.91
Bank of Baroda,BANKBARODA.NS,7.93
General Insurance Corporation of India,GICRE.NS,7.95
Repco Home Finance,REPCOHOME.NS,8.11
Nestlé India,NESTLEIND.NS,8.16
Hindustan Petroleum,HINDPETRO.NS,8.19
Raymond,RAYMOND.NS,8.38
LIC Housing Finance,LICHSGFIN.NS,8.48
Union Bank of India,UNIONBANK.NS,8.61
Oil & Natural Gas,ONGC.NS,8.95
Jagran Prakashan,JAGRAN.NS,9.04
Cosmo First,COSMOFIRST.NS,9.05
Piramal Enterprises,PEL.NS,9.06
Oil India,OIL.NS,9.19
Rural Electrification Corp,RECLTD.NS,9.20
Federal Bank,FEDERALBNK.NS,9.26
Indian Bank,INDIANB.NS,9.45
Alembic Limited,ALEMBICLTD.NS,9.63
Aditya Birla Capital,ABCAPITAL.NS,9.66
IIFL Finance,IIFL.NS,9.71
Dhampur Sugar Mills,DHAMPURSUG.NS,9.86
I.g. Petrochemicals,IGPL.NS,9.91
Coal India,COALINDIA.NS,10.1
Indian Oil,IOC.NS,10.2
State Bank of India,SBIN.NS,10.2
Siyaram Silk Mills,SIYSIL.NS,10.4
Monte Carlo Fashions,MONTECARLO.NS,10.4
Rashtriya Chemicals and Fertilizers,RCF.NS,10.9
Hindustan Oil Exploration Company,HINDOILEXP.NS,11.2
Karur Vysya Bank,KARURVYSYA.NS,11.2
CSB Bank,CSBBANK.NS,11.2
Bandhan Bank,BANDHANBNK.NS,11.4
National Mineral Development Corporation,NMDC.NS,12.0
Delta Corp,DELTACORP.NS,12.0
Surya Roshni,SURYAROSNI.NS,12.1
Adani Power,ADANIPOWER.NS,12.1
Imagicaaworld Entertainment,IMAGICAA.NS,12.2
Kaveri Seed,KSCL.NS,12.3
City Union Bank,CUB.NS,12.4
Mahanagar Gas,MGL.NS,12.4
Vedanta,VEDL.NS,12.6
Gujarat Mineral Development,GMDCLTD.NS,12.7
PTC India,PTC.NS,12.7
Redington India,REDINGTON.NS,12.8
Bank of Maharashtra,MAHABANK.NS,12.9
Tata Chemicals,TATACHEM.NS,13.0
Petronet LNG,PETRONET.NS,13.0
Amara Raja Batteries,AMARAJABAT.NS,13.1
PTC Financial Services,PFS.NS,13.1
RBL Bank,RBLBANK.NS,13.1
Life Insurance Corporation of India (LIC),LICI.NS,13.5
Cantabil Retail India,CANTABIL.NS,13.5
Hinduja Global Solutions,HGS.NS,13.6
Sun TV Network,SUNTV.NS,13.6
East India Distilleries Parry,EIDPARRY.NS,14.1
Shriram Transport Finance,SHRIRAMFIN.NS,14.3
IndusInd Bank,INDUSINDBK.NS,14.3
Knr Constructions,KNRCON.NS,14.5
Godawari Power & Ispat,GPIL.NS,14.6
NACL Industries,NACLIND.NS,14.7
Sudarshan Chemical,SUDARSCHEM.NS,14.7
Spandana Sphoorty Financial,SPANDANA.NS,14.8
WNS,WNS,15.0
Bank of India,BANKINDIA.NS,15.1
Chambal Fertilisers,CHAMBLFERT.NS,15.1
Powergrid Corporation of India,POWERGRID.NS,15.5
Hindalco Industries,HINDALCO.NS,15.6
Ashoka Buildcon,ASHOKA.NS,15.7
VRL Logistics,VRLLOG.NS,15.8
India Glycols,INDIAGLYCO.NS,15.9
Prakash Industries,PRAKASH.NS,16.0
India Motor Parts and Accessories,IMPAL.NS,16.1
Bajaj Holdings & Investment,BAJAJHLDNG.NS,16.2
Automotive Axles,AUTOAXLES.NS,16.2
MM Forgings,MMFL.NS,16.3
Coromandel,COROMANDEL.NS,16.8
Kirloskar Ferrous Industries,KIRLFER.NS,16.8
NLC India,NLCINDIA.NS,17.0
Jindal Stainless,JSL.NS,17.1
Muthoot Finance,MUTHOOTFIN.NS,17.1
Rane Holdings,RANEHOLDIN.NS,17.1
HEG,HEG.NS,17.5
Polyplex,POLYPLEX.NS,17.5
Federal-Mogul Goetze,FMGOETZE.NS,17.5
Edelweiss Financial Services,EDELWEISS.NS,17.6
Geojit Financial Services,GEOJITFSL.NS,17.7
Rane Brake Lining,RBL.NS,17.8
Greenpanel Industries,GREENPANEL.NS,17.9
Hindustan Construction Company,HCC.NS,18.6
ICICI Bank,IBN,19.0
Aptech,APTECHT.NS,19.0
Kingfa Science & Technology,KINGFA.NS,19.2
IDFC FIRST Bank,IDFCFIRSTB.NS,19.4
Dr. Reddy's,RDY,19.6
Mahindra & Mahindra,M&M.NS,19.6
Bliss GVS Pharma,BLISSGVS.NS,19.7
NTPC Limited,NTPC.NS,19.8
Hindustan Zinc,HINDZINC.NS,19.9
IDBI Bank,IDBI.NS,19.9
Gulf Oil Lubricants,GULFOILLUB.NS,19.9
Indian Metals & Ferro Alloys,IMFA.NS,20.0
Mahindra CIE,MAHINDCIE.NS,20.1
Kalyani Steels,KSL.NS,20.1
CEAT,CEATLTD.NS,20.2
Cigniti Technologies,CIGNITITEC.NS,20.3
Transport Corporation of India,TCI.NS,20.3
Indraprastha Gas,IGL.NS,20.5
Hyderabad Industries Limited,HIL.NS,20.9
Natco Pharma,NATCOPHARM.NS,20.9
Kotak Mahindra Bank,KOTAKBANK.NS,20.9
Navkar Corp,NAVKARCORP.NS,21.0
Sundaram Finance,SUNDARMHLD.NS,21.0
GTPL Hathway,GTPL.NS,21.1
Nucleus Software Exports,NUCLEUS.NS,21.2
Nilkamal,NILKAMAL.NS,21.3
Wipro,WIT,21.4
Accelya,ACCELYA.NS,21.6
Lumax Industries,LUMAXIND.NS,21.6
UPL,UPL.NS,21.7
Gateway Distriparks,GATEWAY.NS,21.8
Excel Industries,EXCELINDUS.NS,22.1
Jindal Poly Films,JINDALPOLY.NS,22.1
MPS Limited,MPSLTD.NS,22.3
JSW Steel,JSWSTEEL.NS,22.8
Mirza International,MIRZAINT.NS,23.0
Grasim Industries,GRASIM.NS,23.1
Confidence Petroleum,CONFIPET.NS,23.3
Apollo Tyres,APOLLOTYRE.NS,23.3
Capacit'e Infraprojects,CAPACITE.NS,23.3
Granules India,GRANULES.NS,23.5
NHPC Limited,NHPC.NS,23.5
Shankara Building,SHANKARA.NS,23.6
Sterling Tools,STERTOOLS.NS,23.8
Arvind,ARVIND.NS,23.9
Hudco,HUDCO.NS,23.9
Tide Water Oil,TIDEWATER.NS,23.9
National Fertilizers,NFL.NS,24.0
Central Bank of India,CENTRALBK.NS,24.0
PCBL Limited,PCBL.NS,24.2
eClerx Services,ECLERX.NS,24.3
DCM Shriram,DCMSHRIRAM.NS,24.3
Milkfood Limited,MLKFOOD.BO,24.5
Wheels India,WHEELS.NS,24.6
Huhtamaki India,HUHTAMAKI.NS,24.7
Vadilal Industries,VADILALIND.NS,25.0
Marksans Pharma,MARKSANS.NS,25.0
Infosys,INFY,25.0
Punjab National Bank,PNB.NS,25.1
Galaxy Surfactants,GALAXYSURF.NS,25.3
Axis Bank,AXISBANK.BO,25.3
TANLA,TANLA.NS,25.6
Honda Siel Power Products,HONDAPOWER.NS,25.6
Nerolac Paints,KANSAINER.NS,25.7
Aarti Drugs,AARTIDRUGS.NS,25.8
Prime Focus,PFOCUS.NS,25.8
Zensar,ZENSARTECH.NS,26.0
AU Small Finance Bank,AUBANK.NS,26.1
NCC Limited,NCC.NS,26.2
Sasken Technologies,SASKEN.NS,26.3
MSTC Limited,MSTCLTD.NS,26.4
Hindustan Aeronautics,HAL.NS,26.5
Aavas Financiers,AAVAS.NS,26.6
ITC,ITC.NS,26.6
Time Technoplast,TIMETECHNO.NS,26.8
Sterlite Technologies,STLTECH.NS,26.9
National Aluminum & Alloy,NATIONALUM.NS,27.3
GAIL,GAIL.NS,27.4
Hero MotoCorp,HEROMOTOCO.NS,27.4
Finolex Cables,FINCABLES.NS,27.7
Paisalo Digital,PAISALO.NS,28.2
Emami,EMAMILTD.NS,28.3
Mphasis,MPHASIS.NS,28.4
Indoco Remedies,INDOCO.NS,28.4
PDS Multinational,PDSL.NS,28.5
Safari Industries India,SAFARI.NS,28.6
MOIL,MOIL.NS,28.9
Reliance Industries,RELIANCE.NS,28.9
Fine Organics,FINEORG.NS,28.9
Ashok Leyland,ASHOKLEY.NS,29.0
Mastek,MASTEK.NS,29.4
Kewal Kiran Clothing,KKCL.NS,29.8
India Nippon Electricals,INDNIPPON.NS,30.1
SBI Card,SBICARD.NS,30.4
Bayer Crop Science,BAYERCROP.NS,30.5
AIA Engineering,AIAENG.NS,30.6
Vst Tillers Tractors,VSTTILLERS.NS,30.7
Gujarat Gas,GUJGASLTD.NS,30.7
Tech Mahindra,TECHM.NS,30.7
Gujarat Fluorochemicals,FLUOROCHEM.NS,30.8
Indus Towers,INDUSTOWER.NS,30.9
Persistent Systems,PERSISTENT.NS,30.9
Jindal Steel & Power,JINDALSTEL.NS,31.0
Craftsman Automation,CRAFTSMAN.NS,31.1
Indian Railway Finance,IRFC.NS,31.1
Apex Frozen Foods,APEX.NS,31.1
Engineers India,ENGINERSIN.NS,31.1
FDC India,FDC.NS,31.7
New India Assurance,NIACL.NS,31.8
RITES,RITES.NS,31.9
Cholamandalam Investment and Finance,CHOLAFIN.NS,32.1
Tata Consultancy Services,TCS.NS,32.3
Aurobindo Pharma,AUROPHARMA.NS,32.4
Shriram Pistons & Rings,SHRIPISTON.NS,32.4
LTIMindtree,LTIM.NS,32.5
Lux Industries,LUXIND.NS,32.5
RPG Life Sciences,RPGLIFE.NS,32.9
Cipla,CIPLA.NS,32.9
Punjab & Sind Bank,PSB.NS,32.9
Bajaj Finance,BAJFINANCE.NS,33.0
Gokaldas Exports,GOKEX.NS,33.3
Sanofi India Limited,SANOFI.NS,33.3
Ratnamani Metals & Tubes,RATNAMANI.NS,33.4
Power Mech Projects,POWERMECH.NS,33.8
Cyient,CYIENT.NS,34.2
Finolex Industries,FINPIPE.NS,34.4
Wonderla Holidays,WONDERLA.NS,34.6
Maruti Suzuki India,MARUTI.NS,34.6
Praj Industries,PRAJIND.NS,34.8
Torrent Power,TORNTPOWER.NS,34.9
Zydus Wellness,ZYDUSWELL.NS,35.2
Tata Coffee,TATACOFFEE.NS,35.6
Gabriel India,GABRIEL.NS,35.7
Orient Cement,ORIENTCEM.NS,35.7
Sandhar,SANDHAR.NS,36.0
Eicher Motors,EICHERMOT.NS,36.1
Bajaj Finserv,BAJAJFINSV.NS,36.2
Neuland Laboratories,NEULANDLAB.NS,36.3
Alembic Pharmaceuticals,APLLTD.NS,36.4
Gujarat Alkalies and Chemicals,GUJALKALI.NS,36.6
Parag Milk Foods,PARAGMILK.NS,36.7
Bajaj Auto,BAJAJ-AUTO.NS,36.9
Suprajit Engineering,SUPRAJIT.NS,37.0
CenturyPly,CENTURYPLY.NS,37.3
Ramkrishna Forgings,RKFORGE.NS,37.6
InterGlobe Aviation,INDIGO.NS,37.7
Oberoi Realty,OBEROIRLTY.NS,37.7
Electrosteel Castings,ELECTCAST.NS,37.7
Dalmia Bharat,DALBHARAT.NS,37.7
CARE's Ratings,CARERATING.NS,38.1
Vesuvius India,VESUVIUS.NS,38.4
Shalby,SHALBY.NS,38.5
Exide Industries,EXIDEIND.NS,38.7
Tata Power,TATAPOWER.NS,38.7
Rico Auto Industries,RICOAUTO.NS,38.8
Hikal,HIKAL.NS,39.0
Gland Pharma,GLAND.NS,39.0
Zydus Lifesciences,ZYDUSLIFE.NS,39.2
"Sumitomo Chemical
India",SUMICHEM.NS,39.3
Apar Industries,APARINDS.NS,39.3
Somany Ceramics,SOMANYCERA.NS,39.3
Steel Authority of India,SAIL.NS,39.6
Crompton Greaves Consumer Electricals,CROMPTON.NS,39.8
Cera Sanitaryware,CERA.NS,39.8
Deepak Nitrite,DEEPAKNTR.NS,40.2
SKF India,SKFINDIA.NS,40.3
Jay Bharat Maruti,JAYBARMARU.NS,40.4
Indian Energy Exchange,IEX.NS,40.5
Voltamp Transformers,VOLTAMP.NS,40.6
Quess,QUESS.NS,41.0
Escorts Limited,ESCORTS.NS,41.1
Welspun India,WELSPUNIND.NS,41.2
Asahi India Glass,ASAHIINDIA.NS,41.7
Samvardhana Motherson,MOTHERSON.NS,42.4
Larsen & Toubro,LT.NS,42.6
PI Industries,PIIND.NS,42.7
Filatex India,FILATEX.NS,43.6
Foseco India,FOSECOIND.NS,43.9
Balkrishna Industries,BALKRISIND.NS,44.2
Sun Pharmaceutical,SUNPHARMA.NS,44.6
SRF Limited,SRF.NS,44.7
Rupa Company,RUPA.NS,44.8
Madras Rubber Factory,MRF.NS,44.9
Britannia Industries,BRITANNIA.NS,45.2
Avalon Technologies,AVALON.NS,45.4
Adani Ports & SEZ,ADANIPORTS.NS,45.9
Greenply,GREENPLY.NS,45.9
Hester Biosciences,HESTERBIO.NS,45.9
Atul,ATUL.NS,46.1
SJVN,SJVN.NS,46.4
Heidelbergcement India,HEIDELBERG.NS,46.4
ICICI Lombard,ICICIGI.NS,46.7
Sify,SIFY,46.7
ACC,ACC.NS,46.8
Kitex Garments,KITEX.NS,46.9
L&T Technology Services,LTTS.NS,47.1
KFin Technologies,KFINTECH.NS,47.1
Blue Dart Express,BLUEDART.NS,47.3
The Tinplate Company Of India,TINPLATE.NS,47.6
Ambuja Cements,AMBUJACEM.NS,47.6
Sheela Foam,SFL.NS,48.0
IndiaMART,INDIAMART.NS,48.3
Bharat Electronics,BEL.NS,48.3
Polycab India,POLYCAB.NS,48.4
Greenlam Industries,GREENLAM.NS,48.5
Anup Engineering,ANUP.NS,48.5
Trident,TRIDENT.NS,48.8
Kajaria Ceramics,KAJARIACER.NS,48.9
Prestige Group,PRESTIGE.NS,49.1
UltraTech Cement,ULTRACEMCO.NS,49.1
Endurance Technologies,ENDURANCE.NS,49.3
Container Corporation of India,CONCOR.NS,49.3
Alkem Laboratories,ALKEM.NS,49.7
KCP Limited,KCP.NS,49.9
Coforge,COFORGE.NS,50.0
Kokuyo Camlin,KOKUYOCMLN.NS,50.1
Vaibhav Global,VAIBHAVGBL.NS,50.3
BASF India,BASF.NS,50.4
Mishra Dhatu Nigam,MIDHANI.NS,50.4
Dabur,DABUR.NS,50.5
Happiest Minds Technologies,HAPPSTMNDS.NS,50.8
Hindustan Unilever,HINDUNILVR.NS,50.8
ESAB India,ESABINDIA.NS,51.0
Elgi Equipments,ELGIEQUIP.NS,51.3
Marico,MARICO.NS,51.3
Carborundum Universal,CARBORUNIV.NS,51.9
JTEKT India,JTEKTINDIA.NS,52.0
Force Motors,FORCEMOT.NS,52.5
Bajaj Electricals,BAJAJELEC.NS,53.3
Tata Communications,TATACOMM.NS,53.5
Anant Raj,ANANTRAJ.NS,53.8
Schaeffler India,SCHAEFFLER.NS,54.0
Prince Pipes And Fittings,PRINCEPIPE.NS,54.1
Asian Paints,ASIANPAINT.NS,54.3
Abbott India,ABBOTINDIA.NS,54.7
Vedant Fashions,MANYAVAR.NS,54.8
EaseMyTrip,EASEMYTRIP.NS,55.3
Ingersoll Rand India,INGERRAND.NS,55.3
Patanjali Foods,PATANJALI.NS,55.4
Fortis Healthcare,FORTIS.NS,55.6
Aarti Industries,AARTIIND.NS,56.2
Bata India,BATAINDIA.NS,56.3
JSW Energy,JSWENERGY.NS,56.5
BLS International,BLS.NS,57.3
BOSCH India,BOSCHLTD.NS,57.7
CRISIL,CRISIL.NS,57.7
Orient Electric,ORIENTELEC.NS,57.9
Supreme Industries,SUPREMEIND.NS,57.9
Syngene International,SYNGENE.NS,58.2
Shree Cement,SHREECEM.NS,58.2
APL Apollo,APLAPOLLO.NS,58.3
Timken India,TIMKEN.NS,58.6
Cummins India,CUMMINSIND.NS,59.3
UNO Minda,UNOMINDA.NS,59.6
Symphony Limited,SYMPHONY.NS,59.7
Campus Activewear,CAMPUS.NS,60.1
Mankind Pharma,MANKIND.NS,60.2
Wendt India,WENDT.NS,60.5
Berger Paints,BERGEPAINT.NS,60.5
CDSL,CDSL.NS,60.8
Colgate-Palmolive India,COLPAL.NS,60.9
Bodal Chemicals,BODALCHEM.NS,60.9
SML Isuzu,SMLISUZU.NS,61.4
JSW Holdings,JSWHL.NS,61.6
Tata Elxsi,TATAELXSI.NS,61.6
Grindwell Norton,GRINDWELL.NS,61.6
Blue Star,BLUESTARCO.NS,61.8
United Spirits,UNITDSPR.BO,62.1
Phoenix Mills,PHOENIXLTD.NS,62.2
BSE,BSE.NS,62.6
Dr Lal PathLabs,LALPATHLAB.NS,62.9
Vidhi Specialty Food,VIDHIING.NS,64.2
Torrent Pharmaceuticals,TORNTPHARM.NS,64.3
N.B.I. Industrial Finance,NBIFIN.NS,65.1
Skipper Limited,SKIPPER.NS,65.2
Divis Laboratories,DIVISLAB.NS,66.1
Tube Investments of India,TIINDIA.NS,66.5
Laurus Labs,LAURUSLABS.NS,66.6
3M India,3MINDIA.NS,66.8
Indian Overseas Bank,IOB.NS,66.9
Ramco Cements,RAMCOCEM.NS,67.0
Hathway,HATHWAY.NS,67.2
TVS Motor,TVSMOTOR.NS,67.6
Ipca Laboratories,IPCALAB.NS,67.6
VIP Industries,VIPIND.NS,68.1
Procter & Gamble India,PGHH.NS,69.2
CG Power and Industrial Solutions,CGPOWER.NS,69.3
ZF Commercial Vehicle Control Systems India,ZFCVINDIA.NS,69.5
V-Guard Industries,VGUARD.NS,69.5
Infibeam Avenues,INFIBEAM.NS,69.6
NBCC India,NBCC.NS,69.7
Himatsingka Seide,HIMATSEIDE.NS,70.0
Max Healthcare Institute,MAXHEALTH.NS,70.4
Max Financial Services,MFSL.NS,70.6
Godrej,GODREJCP.NS,71.2
KSB ltd,KSB.NS,72.3
Subros,SUBROS.NS,72.6
Lupin Limited,LUPIN.NS,74.0
Jindal Worldwide,JINDWORLD.NS,76.7
Aether Industries,AETHER.NS,76.9
Nelco,NELCO.NS,77.4
Biocon,BIOCON.NS,77.8
Dollar Industries,DOLLAR.NS,77.9
Amber Enterprises India,AMBER.NS,78.1
Page Industries,PAGEIND.NS,78.5
Syrma SGS Technology,SYRMA.NS,78.6
Texmaco Rail & Engineering,TEXRAIL.NS,78.7
Havells India,HAVELLS.NS,79.0
MapmyIndia,MAPMYINDIA.NS,79.1
SBI Life Insurance,SBILIFE.NS,80.7
Indian Railway Catering & Tourism,IRCTC.NS,81.3
KPIT Technologies,KPITTECH.NS,81.9
Yes Bank,YESBANK.NS,82.4
Tata Consumer Products,TATACONSUM.NS,82.5
Indian Hotels Company,INDHOTEL.NS,83.7
India Tourism Development Corp,ITDC.NS,84.0
eMudhra,EMUDHRA.NS,84.8
EIH Limited,EIHOTEL.NS,84.8
Whirlpool India,WHIRLPOOL.NS,85.4
Ethos Watches,ETHOSLTD.NS,85.8
BEML,BEML.NS,86.2
JK Cement,JKCEMENT.NS,86.2
Honeywell Automation India,HONAUT.NS,86.9
Nazara Technologies,NAZARA.NS,89.0
Action Construction Equipment,ACE.NS,89.1
Bharat Dynamics,BDL.NS,90.1
Graphite India,GRAPHITE.NS,90.5
Bharti Airtel,BHARTIARTL.NS,91.2
Chalet Hotels,CHALET.NS,91.2
Bharat Forge,BHARATFORG.NS,91.8
HDFC Life,HDFCLIFE.NS,92.0
Apollo Pipes,APOLLOPIPE.NS,92.5
Adani Energy Solutions,ADANIENSOL.NS,94.3
Siemens India,SIEMENS.NS,95.8
Hatsun Agro Products,HATSUN.NS,95.9
Solar Industries India,SOLARINDS.NS,96.3
Astral Poly Technik,ASTRAL.NS,96.4
Varun Beverages,VBL.NS,96.8
Devyani International,DEVYANI.NS,97.3
ICICI Prulife,ICICIPRULI.NS,98.5
Radico Khaitan,RADICO.NS,99.5
DLF,DLF.NS,99.6
Titan Company,TITAN.NS,101
Astra Microwave,ASTRAMICRO.NS,101
HBL Power Systems,HBLPOWER.NS,102
KEC International,KEC.NS,103
Relaxo Footwear,RELAXO.NS,105
Suzlon,SUZLON.NS,108
Pidilite,PIDILITIND.NS,108
Ashiana Housing,ASHIANA.NS,110
Godrej Properties,GODREJPROP.NS,110
Thermax,THERMAX.NS,112
Glenmark Pharmaceuticals,GLENMARK.NS,114
Hindustan Copper,HINDCOPPER.NS,119
Jubilant FoodWorks,JUBLFOOD.NS,126
Igarashi Motors India,IGARASHI.NS,128
Multi Commodity Exchange,MCX.NS,130
DMart,DMART.NS,131
ABB India,ABB.NS,133
Linde India,LINDEINDIA.NS,134
Apollo Hospitals,APOLLOHOSP.NS,137
Schneider Electric Infrastructure,SCHNEIDER.NS,137
JBM Auto,JBMA.NS,143
Black Box,BBOX.NS,146
Adani Enterprises,ADANIENT.NS,149
VA Tech Wabag,WABAG.NS,158
Dixon Technologies,DIXON.NS,165
Radio City,RADIOCITY.NS,168
Adani Total Gas,ATGL.NS,183
United Breweries,UBL.NS,191
Oriental Aromatics,OAL.NS,207
Voltas,VOLTAS.NS,219
Borosil,BORORENEW.NS,219
Olectra Greentech,OLECTRA.NS,224
Trent Limited,TRENT.NS,289
MakeMyTrip,MMYT,291
Adani Green Energy,ADANIGREEN.NS,295
Adani Wilmar,AWL.NS,350
IFB Industries,IFBIND.NS,426
Puravankara,PURVA.NS,490
Tata Motors,TATAMOTORS.NS,509
3i Infotech,3IINFOLTD.NS,536
Mangalam Cement,MANGLMCEM.NS,628
Mahindra Lifespaces,MAHLIFE.NS,901
Nykaa,NYKAA.NS,> 1000
Jio Financial Services,JIOFIN.NS,> 1000
Srei Infrastructure Finance,SREINFRA.NS,-0.0110
Reliance Infrastructure,RELINFRA.NS,-1.74
TCNS Clothing,TCNSBRANDS.NS,-12.7
Tata Steel,TATASTEEL.NS,-33.1
PVR Cinemas,PVR.NS,-791
Varroc,VARROC.NS,-11.2
Spencer's Retail,SPENCERS.NS,-3.69
ReNew Power,RNW,-71.5
Tata Teleservices,TTML.NS,-13.4
Hinduja Ventures,NXTDIGITAL.NS,-2.81
Sequent Scientific,SEQUENT.NS,-21.8
Gati,GATI.NS,-114
Mahindra Logistics,MAHLOG.NS,-139
PB Fintech,POLICYBZR.NS,-198
Piramal Pharma,PPLPHARMA.NS,-130
Sanghi Industries,SANGHIIND.NS,-5.22
GMR Group,GMRINFRA.NS,-137
Info Edge,NAUKRI.NS,-610
Dish TV,DISHTV.NS,-2.06
KIOCL,KIOCL.NS,-241
Balaji Telefilms,BALAJITELE.NS,-319
MEP Infrastructure,MEP.NS,-0.8950
GE Power India,GEPIL.NS,-4.17
IIFL Wealth Management,IIFLWAM.NS,102
Kellton Tech Solutions,KELLTONTEC.NS,-7.31
Coffee Day Enterprises,COFFEEDAY.NS,-3.73
Astec Lifesciences,ASTEC.NS,-98.1
JCI Hitachi India,JCHAC.NS,-25.7
SPARC,SPARC.NS,-54.4
Zomato,ZOMATO.NS,-205
Indorama Synthetics,INDORAMA.NS,-9.83
Omaxe,OMAXE.NS,-4.56
Zee Entertainment,ZEEL.NS,-127
Quick Heal,QUICKHEAL.NS,-169
Ebixcash India,EBIXFOREX.NS,N/A
GTL Infrastructure,GTLINFRA.NS,-1.28
RattanIndia Power,RTNPOWER.NS,-2.40
Unitech Group,UNITECH.NS,-1.12
Paytm,PAYTM.NS,-20.9
Hindustan Sanitaryware & Industries,HSIL.NS,N/A
Vodafone Idea,IDEA.NS,-1.83
Nectar Lifesciences,NECLIFE.NS,-29.4
Tata Steel Long Products,TATASTLLP.NS,-1.91
Jindal Stainless (Hisar),JSLHISAR.NS,8.93
Gallantt Ispat,GALLISPAT.NS,N/A
Jaypee Group,JPASSOCIAT.NS,-4.39
HDFC Bank,HDB,19.7
Indian Telephone Industries,ITI.NS,-69.0
Lodha Group,LODHA.NS,-211
Jump Networks,JUMPNET.NS,N/A
Reliance Power,RPOWER.NS,-21.6
INEOS Styrolution,INEOSSTYRO.NS,7.31
Zee Learn,ZEELEARN.NS,-0.4934
Barbeque Nation Hospitality,BARBEQUE.NS,-837
Jubilant Pharmova,JUBLPHARMA.NS,-226
Alok Industries,ALOKINDS.NS,-14.2
Asian Granito India,ASIANTILES.NS,-10.5
Delhivery,DELHIVERY.NS,-46.9
Future Retail,FRETAIL.NS,-0.0273
Yatra,YTRA,-26.2
Kalpataru Power Transmission,KALPATPOWR.NS,13.2
Strides Pharma,STAR.NS,-33.1
SpiceJet,SPICEJET.BO,-3.04
Network18,NETWORK18.NS,-64.0
Hindustan Media Ventures,HMVL.NS,-70.9
Tejas Networks,TEJASNET.NS,-262
sterling & wilson solar,SWSOLAR.NS,-14.4
Future Supply Chain Solutions,FSC.NS,-0.0389
Inox Wind,INOXWIND.NS,-32.2
Reliance Communications,RCOM.NS,-0.0344
Mahanagar Telephone Nigam,MTNL.NS,-0.7476
Bombay Burmah,BBTC.NS,-6.53
Azure Power,AZREF,-1.37
Sunteck Realty,SUNTECK.NS,-133
